{
    "parent": "builtin/generated",
    "textures": {
        "layer0": "items/bow_standby"
    },
    "display": {
        "thirdperson": {
            "rotation": [ 5, 80, -45 ],
            "translation": [ 0.75, 0, 0.25 ],
            "scale": [ 1, 1, 1 ]
        },
        "firstperson": {
            "rotation": [ 0, -135, 25 ],
            "translation": [ 0, 4, 2 ],
            "scale": [ 1.7, 1.7, 1.7 ]
	},
"ground": {
"rotation": [ 0, 10, 0 ],
"translation": [ 0, 1, 0 ],
"scale": [ 2, 2, 2 ]
        }
    }
}
