{
    "parent": "builtin/generated",
    "textures": {
        "layer0": "items/gold_sword"
    },
    "display": {
        "thirdperson": {
            "rotation": [ 0, 90, -35 ],
            "translation": [ 0, 1.25, -3.5 ],
            "scale": [ 0.85, 0.85, 0.85 ]
        },
        "firstperson": {
            "rotation": [ 0, -135, 25 ],
            "translation": [ 0, 4, 2 ],
            "scale": [ 1.7, 1.7, 1.7 ]	},
"ground": {
"rotation": [ 0, 10, 0 ],
"translation": [ 0, 1, 0 ],
"scale": [ 2, 2, 2 ]
        }
    }
}
